CodeSystemId	Code	Display	Form	Note	Category	Section	Extras	SrcPage
cbih	CB-49543A442D	注射用维拉苷酶β				商保创新药	{"brand": "戈芮宁", "indication": "适用于12岁及以上青少年和成人Ⅰ型和Ⅲ 型戈谢病患者的长期酶替代治疗(ERT)。", "holder": "北海康成（上海）生物 科技有限公司", "authorized": "北海康成（上海）生 物科技有限公司", "valid": "2026年1月1日至 2027年12月31日"}	2
cbih	CB-5664846D2C	盐酸沙丙蝶呤片				商保创新药	{"brand": "海普益", "indication": "适用于对本品治疗有反应的四氢生物蝶呤 (BH4)缺乏症所导致的高苯丙氨酸血症 (HPA)，可用于成人及4岁以上儿童。本品 在0-4岁儿童中无充分的临床用药经验， 若必须使用，须在专科医生的严格指导下 慎重使用。", "holder": "山东新时代药业有限公 司", "authorized": "山东新时代药业有限 公司", "valid": "2026年1月1日至 2027年12月31日"}	2
cbih	CB-FD13BB8CD9	注射用替度格鲁肽				商保创新药	{"brand": "瑞唯抒", "indication": "适用于治疗短肠综合征成人和1岁及以上 儿童患者。仅在患者经过一段时间肠道适 应后，病情稳定且依赖肠外营养支持的情 况下进行本品治疗。", "holder": "Takeda Pharmaceuticals International AG Ireland Branch", "authorized": "武田（中国）国际贸 易有限公司", "valid": "2026年1月1日至 2027年12月31日"}	2
cbih	CB-F375665A39	注射用泽尼达妥单抗				商保创新药	{"brand": "百赫安", "indication": "适用于既往接受过全身治疗的HER2高表达 (IHC3+)的不可切除局部晚期或转移性胆 道癌患者。", "holder": "百济神州（苏州）生物 科技有限公司", "authorized": "百济神州（北京）生 物科技有限公司", "valid": "2026年1月1日至 2027年12月31日"}	2
cbih	CB-1D7CE466B5	埃纳妥单抗注射液				商保创新药	{"brand": "易瑞欧", "indication": "适用于既往接受过至少三线治疗(包括一 种蛋白酶体抑制剂、一种免疫调节剂和一 种抗CD38单克隆抗体)的复发或难治性多 发性骨髓瘤成人患者的治疗。", "holder": "Pfizer Inc.", "authorized": "辉瑞投资有限公司", "valid": "2026年1月1日至 2027年12月31日"}	2
cbih	CB-F4F448872E	达妥昔单抗β注射液				商保创新药	{"brand": "凯泽百", "indication": "适用于治疗≥12月龄的高危神经母细胞瘤 患者，这些患者既往接受过诱导化疗且至 少获得部分缓解，并且随后进行过清髓性 治疗和干细胞移植治疗；也适用于治疗伴 或不伴有残留病灶的复发性或难治性神经 母细胞瘤。在治疗复发性神经母细胞瘤之 前，应采取适当措施使活动性进展性疾病 保持稳定。", "holder": "Recordati Netherlands B.V.", "authorized": "百济神州（北京）生 物科技有限公司", "valid": "2026年1月1日至 2027年12月31日"}	2
cbih	CB-0C2BA619FC	那西妥单抗注射液				商保创新药	{"brand": "达佑泽", "indication": "与粒细胞-巨噬细胞集落刺激因子(GM- CSF)联合给药，适用于伴有骨或骨髓病 变，对既往治疗表现为部分缓解、轻微缓 解或疾病稳定的复发性或难治性高危神经 母细胞瘤的儿童(1岁及以上)或成人患者 。", "holder": "Y-mAbs Therapeutics, Inc.", "authorized": "赛生医药江苏有限公 司", "valid": "2026年1月1日至 2027年12月31日"}	3
cbih	CB-324DBC995D	塔奎妥单抗注射液				商保创新药	{"brand": "拓立珂", "indication": "单药适用于既往接受过至少三线治疗(包 括一种蛋白酶体抑制剂、一种免疫调节剂 和一种抗CD38抗体)的复发或难治性多发 性骨髓瘤成人患者。", "holder": "Janssen-Cilag International NV", "authorized": "强生制药有限公司", "valid": "2026年1月1日至 2027年12月31日"}	3
cbih	CB-C8BF19BAD7	伊匹木单抗注射液				商保创新药	{"brand": "逸沃", "indication": "1.恶性胸膜间皮瘤(MPM)，本品联合纳武 利尤单抗用于不可手术切除的、初治的非 上皮样恶性胸膜间皮瘤成人患者；2.结直 肠癌(CRC)，本品联合纳武利尤单抗适用 于不可切除或转移性微卫星高度不稳定性 (MSI-H)或错配修复缺陷(dMMR)结直肠癌 (CRC)患者的一线治疗；3.肝细胞癌 (HCC)，本品联合纳武利尤单抗适用于不 可切除或晚期肝细胞癌(HCC)成人患者的 一线治疗。", "holder": "Bristol-Myers Squibb Pharma EEIG", "authorized": "百时美施贵宝（中 国）投资有限公司", "valid": "2026年1月1日至 2027年12月31日"}	3
cbih	CB-EDF54A5812	阿基仑赛注射液				商保创新药	{"brand": "奕凯达", "indication": "本品为经基因修饰的靶向人CD19的嵌合抗 原受体自体T(CAR-T)细胞，用于治疗：1. 一线免疫化疗无效或在一线免疫化疗后12 个月内复发的成人大B细胞淋巴瘤(r/r LBCL)。本适应症为附条件批准上市，上 市后将提供更多的有效性和安全性数据； 2.既往接受二线或以上系统性治疗后复发 或难治性大B细胞淋巴瘤成人患者，包括 弥漫性大B细胞淋巴瘤(DLBCL)非特指型 (NOS)，原发纵隔大B细胞淋巴瘤(PMBCL) 、高级别B细胞淋巴瘤和滤泡性淋巴瘤转 化的DLBCL。", "holder": "复星凯瑞（上海）生物 科技有限公司", "authorized": "复星凯瑞（上海）生 物科技有限公司", "valid": "2026年1月1日至 2027年12月31日"}	3
cbih	CB-CD3B326FBD	纳基奥仑赛注射液				商保创新药	{"brand": "源瑞达", "indication": "适用于成人复发或难治性B细胞急性淋巴 细胞白血病。", "holder": "合源生物科技股份有限 公司", "authorized": "合源生物科技股份有 限公司", "valid": "2026年1月1日至 2027年12月31日"}	3
cbih	CB-86F17147DE	瑞基奥仑赛注射液				商保创新药	{"brand": "倍诺达", "indication": "1.经过二线或以上系统性治疗后成人患者 的复发或难治性大B细胞淋巴瘤，包括弥 漫性大B细胞淋巴瘤非特指型、滤泡性淋 巴瘤转化的弥漫性大B细胞淋巴瘤、3b级 滤泡性淋巴瘤、原发纵隔大B细胞淋巴瘤 、高级别B细胞淋巴瘤伴MYC和BCL-2和/或 BCL-6重排(双打击/三打击淋巴瘤)。本品 适应症为附条件批准上市，更多的有效性 和安全性数据待上市后研究提供；2.经过 二线或以上系统性治疗的成人难治性或24 个月内复发的滤泡性淋巴瘤，包括组织学 分级为1、2、3a级的滤泡性淋巴瘤。本品 适应症为附条件批准上市，更长时间的有 效性数据待上市后研究提供；3.经过包括 布鲁顿酪氨酸激酶抑制剂治疗在内的二线 及以上系统性治疗的成人复发或难治性套 细胞淋巴瘤。", "holder": "上海药明巨诺生物科技 有限公司", "authorized": "上海药明巨诺生物科 技有限公司", "valid": "2026年1月1日至 2027年12月31日"}	4
cbih	CB-B89FADD4AC	伊基奥仑赛注射液				商保创新药	{"brand": "福可苏", "indication": "用于治疗复发或难治性多发性骨髓瘤成人 患者，既往经过至少3线治疗后进展(至少 使用过一种蛋白酶体抑制剂及免疫调节 剂)。", "holder": "南京驯鹿生物医药有限 公司", "authorized": "南京驯鹿生物医药有 限公司", "valid": "2026年1月1日至 2027年12月31日"}	4
cbih	CB-E4E3538745	泽沃基奥仑赛注射液				商保创新药	{"brand": "赛恺泽", "indication": "用于治疗复发或难治性多发性骨髓瘤成人 患者，既往经过至少3线治疗后进展(至少 使用过一种蛋白酶体抑制剂及免疫调节 剂)。", "holder": "恺兴生命科技（上海） 有限公司", "authorized": "恺兴生命科技（上 海）有限公司", "valid": "2026年1月1日至 2027年12月31日"}	4
cbih	CB-55FBC97C6C	甲苯磺酰胺注射液				商保创新药	{"brand": "普罗仙安", "indication": "适用于中央型非小细胞肺癌成人患者，减 轻重度气道阻塞(50%＜气管梗阻≤75%； 或单侧主支气管梗阻＞50%； 或双侧主支 气管梗阻，任一单侧梗阻＞50%，且双侧 梗阻未同时＞75%)症状。", "holder": "天津红日健达康医药科 技有限公司", "authorized": "天津红日健达康医药 科技有限公司", "valid": "2026年1月1日至 2027年12月31日"}	4
cbih	CB-B61304615B	氢溴酸他泽司他片				商保创新药	{"brand": "达唯珂", "indication": "单药用于既往接受过至少两种系统性治疗 后的EZH2突变阳性复发或难治性滤泡性淋 巴瘤(FL)成人患者。", "holder": "Epizyme, Inc.", "authorized": "和记黄埔医药（上 海）有限公司", "valid": "2026年1月1日至 2027年12月31日"}	4
cbih	CB-1F64BD86A5	注射用芦比替定				商保创新药	{"brand": "赞必佳", "indication": "治疗含铂化疗中或化疗后疾病进展的转移 性小细胞肺癌成人患者。", "holder": "PharmaMar AG", "authorized": "南京绿叶制药有限公 司", "valid": "2026年1月1日至 2027年12月31日"}	4
cbih	CB-6243B5FB16	多奈单抗注射液				商保创新药	{"brand": "记能达", "indication": "用于治疗由阿尔茨海默病引起的轻度认知 障碍和阿尔茨海默病轻度痴呆。", "holder": "Eli Lilly and Company", "authorized": "礼来贸易有限公司", "valid": "2026年1月1日至 2027年12月31日"}	4
cbih	CB-0784B46714	仑卡奈单抗注射液				商保创新药	{"brand": "乐意保", "indication": "用于治疗由阿尔茨海默病引起的轻度认知 障碍和阿尔茨海默病轻度痴呆。", "holder": "Eisai Inc.", "authorized": "卫材（中国）药业有 限公司", "valid": "2026年1月1日至 2027年12月31日"}	4
